Date,Revenue,Orders,Items_Sold,Revenue_Lag_1,Revenue_Lag_7,Revenue_Lag_14,Revenue_Lag_30,Rolling_Mean_7,Rolling_Mean_30,Rolling_Std_7,DayOfWeek,Month,Quarter,IsWeekend
2010-12-01,46192.49,121,24114,,,,,,,,2,12,4,0
2010-12-02,47197.57,137,31077,46192.49,,,,,,,3,12,4,0
2010-12-03,23876.63,57,11798,47197.57,,,,,,,4,12,4,0
2010-12-05,31361.28,87,16241,23876.63,,,,,,,6,12,4,1
2010-12-06,31009.33,94,16115,31361.28,,,,,,,0,12,4,0
2010-12-07,53730.96,71,19404,31009.33,,,,,,,1,12,4,0
2010-12-08,39094.2,111,21497,53730.96,,,,38923.208571428564,,10699.04991456629,2,12,4,0
2010-12-09,38193.91,98,17383,39094.2,46192.49,,,37780.55428571429,,10209.210111856282,3,12,4,0
2010-12-10,33488.38,72,15927,38193.91,47197.57,,,35822.09857142857,,9383.15476701276,4,12,4,0
2010-12-12,17102.35,43,10533,33488.38,23876.63,,,34854.34428571428,,11026.033503895615,6,12,4,1
2010-12-13,27578.34,64,15309,17102.35,31361.28,,,34313.92428571429,,11314.701740073779,0,12,4,0
2010-12-14,29235.13,81,17707,27578.34,31009.33,,,34060.467142857146,,11420.44203129884,1,12,4,0
2010-12-15,30251.47,70,18388,29235.13,53730.96,,,30706.25428571428,,7431.7330851757115,2,12,4,0
2010-12-16,48791.87,113,29711,30251.47,39094.2,,,32091.635714285716,,9786.732774836655,3,12,4,0
2010-12-17,19966.36,55,11395,48791.87,38193.91,46192.49,,29487.7,,10303.737361566113,4,12,4,0
2010-12-19,7292.95,18,3674,19966.36,33488.38,47197.57,,25745.495714285713,,13010.091329328245,6,12,4,1
2010-12-20,19599.06,50,13419,7292.95,17102.35,23876.63,,26102.16857142857,,12765.572541325662,0,12,4,0
2010-12-21,15929.16,27,11062,19599.06,27578.34,31361.28,,24438.0,,13289.619231540586,1,12,4,0
2010-12-22,4886.52,14,3074,15929.16,29235.13,31009.33,,20959.62714285714,,14912.177606106266,2,12,4,0
2010-12-23,5644.77,17,3220,4886.52,30251.47,53730.96,,17444.384285714284,,15253.121128410474,3,12,4,0
2011-01-04,12105.11,35,6950,5644.77,48791.87,39094.2,,12203.418571428572,,6448.709986117201,1,1,1,0
2011-01-05,28799.43,48,18369,12105.11,19966.36,38193.91,,13465.285714285714,,8694.18711765292,2,1,1,0
2011-01-06,34343.79,46,21534,28799.43,7292.95,33488.38,,17329.69142857143,,11156.553606043148,3,1,1,0
2011-01-07,23797.79,47,15122,34343.79,19599.06,17102.35,,17929.510000000002,,11408.914054175651,4,1,1,0
2011-01-09,15590.68,48,8125,23797.79,15929.16,27578.34,,17881.155714285716,,11419.51748879356,6,1,1,1
2011-01-10,15330.83,34,9380,15590.68,4886.52,29235.13,,19373.2,,10037.367756782654,0,1,1,0
2011-01-11,60243.73,53,26072,15330.83,5644.77,30251.47,,27173.05142857143,,16636.10113062797,1,1,1,0
2011-01-12,17124.74,42,7883,60243.73,12105.11,48791.87,,27890.14142857143,,15973.338944237084,2,1,1,0
2011-01-13,15159.46,41,8309,17124.74,28799.43,19966.36,,25941.574285714283,,16661.08434207776,3,1,1,0
2011-01-14,39509.7,38,21098,15159.46,34343.79,7292.95,,26679.56142857143,27747.599666666665,17200.943869698385,4,1,1,0
2011-01-16,6976.39,25,4086,39509.7,23797.79,19599.06,46192.49,24276.50428571429,26440.396333333334,18773.75114535084,6,1,1,1
2011-01-17,16527.05,46,8692,6976.39,15590.68,15929.16,47197.57,24410.271428571432,25418.04566666667,18704.75712695341,0,1,1,0
2011-01-18,87559.21,32,80605,16527.05,15330.83,4886.52,23876.63,34728.611428571436,27540.798333333336,29606.5388009245,1,1,1,0
2011-01-19,21586.78,33,15869,87559.21,60243.73,5644.77,31361.28,29206.190000000002,27214.98166666667,27590.72708708369,2,1,1,0
2011-01-20,15197.08,34,8171,21586.78,17124.74,12105.11,31009.33,28930.81,26687.906666666666,27740.62068832876,3,1,1,0
2011-01-21,24276.01,34,12694,15197.08,15159.46,28799.43,53730.96,30233.17428571429,25706.075,27194.96347405457,4,1,1,0
2011-01-23,10306.1,27,5200,24276.01,39509.7,34343.79,39094.2,26061.231428571427,24746.471666666668,27768.671916294108,6,1,1,1
2011-01-24,17601.87,44,9587,10306.1,6976.39,23797.79,38193.91,27579.15714285714,24060.070333333333,26825.96930238665,0,1,1,0
2011-01-25,23994.38,59,14443,17601.87,16527.05,15590.68,33488.38,28645.91857142857,23743.603666666666,26459.187028717413,1,1,1,0
2011-01-26,17424.45,53,10418,23994.38,87559.21,15330.83,17102.35,18626.667142857143,23754.340333333337,5049.407967823918,2,1,1,0
2011-01-27,22050.49,50,10902,17424.45,21586.78,60243.73,27578.34,18692.911428571428,23570.07866666667,5097.527205183001,3,1,1,0
2011-01-28,17247.2,37,9164,22050.49,15197.08,17124.74,29235.13,18985.785714285714,23170.481000000003,4918.968699035917,4,1,1,0
2011-01-30,6542.61,24,3383,17247.2,24276.01,15159.46,30251.47,16452.442857142858,22380.185666666664,6152.220263356715,6,1,1,1
2011-01-31,18806.43,57,12417,6542.61,10306.1,39509.7,48791.87,17666.77571428571,21380.671,5545.875042900061,0,1,1,0
2011-02-01,26358.7,58,14995,18806.43,17601.87,6976.39,19966.36,18917.75142857143,21593.749,6443.74546002407,1,2,1,0
2011-02-02,17091.15,56,8908,26358.7,23994.38,16527.05,7292.95,17931.575714285715,21920.355666666666,6053.754354007251,2,2,1,0
2011-02-03,22171.9,45,15427,17091.15,17424.45,87559.21,19599.06,18609.782857142858,22006.117000000002,6250.214259387993,3,2,1,0
2011-02-04,18087.96,45,11254,22171.9,22050.49,21586.78,15929.16,18043.707142857143,22078.077,6063.302334272167,4,2,1,0
2011-02-06,3439.67,11,2036,18087.96,17247.2,15197.08,4886.52,16071.202857142856,22029.84866666667,8225.872560828442,6,2,1,1
2011-02-07,23382.97,38,8567,3439.67,6542.61,24276.01,5644.77,18476.96857142857,22621.122,7395.311268318199,0,2,1,0
2011-02-08,14153.34,38,8664,23382.97,18806.43,10306.1,12105.11,17812.24142857143,22689.396333333334,7567.870203492797,1,2,1,0
2011-02-09,11910.83,23,6144,14153.34,26358.7,17601.87,28799.43,15748.26,22126.443000000003,6777.41991069363,2,2,1,0
2011-02-10,14155.36,40,11767,11910.83,17091.15,23994.38,34343.79,15328.86142857143,21453.495333333332,6771.302614724936,3,2,1,0
2011-02-11,18579.96,38,9575,14155.36,22171.9,17424.45,23797.79,14815.727142857142,21279.567666666666,6284.936383474665,4,2,1,0
2011-02-13,5645.4800000000005,20,2723,18579.96,18087.96,22050.49,15590.68,13038.23,20948.060999999998,6931.4741602538215,6,2,1,1
2011-02-14,22999.39,36,12339,5645.4800000000005,3439.67,17247.2,15330.83,15832.475714285714,21203.679666666667,6333.899468928681,0,2,1,0
2011-02-15,37750.62,53,22082,22999.39,23382.97,6542.61,60243.73,17884.99714285714,20453.909333333333,10284.412723166242,1,2,1,0
2011-02-16,23413.97,62,15729,37750.62,14153.34,18806.43,17124.74,19207.944285714282,20663.550333333333,10319.946884441564,2,2,1,0
2011-02-17,17659.64,55,12747,23413.97,11910.83,26358.7,15159.46,20029.202857142856,20746.889666666666,9861.000050371349,3,2,1,0
2011-02-18,14438.73,35,8610,17659.64,14155.36,17091.15,39509.7,20069.684285714287,19911.19066666667,9833.410883260625,4,2,1,0
2011-02-20,9437.8,26,5218,14438.73,18579.96,22171.9,6976.39,18763.661428571428,19993.237666666668,10638.40239171187,6,2,1,1
2011-02-21,32724.38,33,20376,9437.8,5645.4800000000005,18087.96,16527.05,22632.075714285715,20533.148666666664,9975.939455544789,0,2,1,0
2011-02-22,29116.63,50,20921,32724.38,22999.39,3439.67,87559.21,23505.967142857142,18585.06266666667,10276.874760204282,1,2,1,0
2011-02-23,19315.97,53,12139,29116.63,37750.62,23382.97,21586.78,20872.445714285714,18509.369,8162.748967667807,2,2,1,0
2011-02-24,21463.94,53,11558,19315.97,23413.97,14153.34,15197.08,20593.87,18718.264333333336,8094.5466524279955,3,2,1,0
2011-02-25,18377.14,45,10038,21463.94,17659.64,11910.83,24276.01,20696.37,18521.635333333335,8055.647661733967,4,2,1,0
2011-02-27,9382.710000000001,33,4823,18377.14,14438.73,14155.36,10306.1,19974.08142857143,18490.855666666666,8893.346710351181,6,2,1,1
2011-02-28,15026.68,51,8387,9382.710000000001,9437.8,18579.96,17601.87,20772.492857142857,18405.016000000003,7995.321789975503,0,2,1,0
2011-03-01,23621.59,56,11566,15026.68,32724.38,5645.4800000000005,23994.38,19472.094285714287,18392.58966666667,6284.683978973152,1,3,1,0
2011-03-02,18666.14,42,8608,23621.59,29116.63,22999.39,17424.45,17979.16714285714,18433.979333333333,4637.064252353748,2,3,1,0
2011-03-03,32818.19,47,19119,18666.14,19315.97,37750.62,22050.49,19908.05571428571,18792.902666666665,7318.691469014696,3,3,1,0
2011-03-04,17302.55,45,12930,32818.19,21463.94,23413.97,17247.2,19313.571428571428,18794.74766666667,7340.225610368811,4,3,1,0
2011-03-06,9951.67,26,5026,17302.55,18377.14,17659.64,6542.61,18109.932857142856,18908.382999999998,8163.9506973252255,6,3,1,1
2011-03-07,20247.850000000002,58,11088,9951.67,9382.710000000001,14438.73,18806.43,19662.09571428571,18956.430333333334,7204.655324811069,0,3,1,0
2011-03-08,22184.11,44,13811,20247.850000000002,15026.68,9437.8,26358.7,20684.585714285717,18817.277333333335,6940.190039525467,1,3,1,0
2011-03-09,20320.23,51,11457,22184.11,23621.59,32724.38,17091.15,20212.96285714286,18924.913333333334,6818.44545803199,2,3,1,0
2011-03-10,24429.77,52,15222,20320.23,18666.14,29116.63,22171.9,21036.338571428572,19000.175666666666,6947.305944818769,3,3,1,0
2011-03-11,20894.75,48,9249,24429.77,32818.19,19315.97,18087.96,19332.989999999998,19093.735333333334,4663.485983210403,4,3,1,0
2011-03-13,4117.22,16,2733,20894.75,17302.55,21463.94,3439.67,17449.37142857143,19116.320333333333,7450.38530026563,6,3,1,1
2011-03-14,25866.33,48,16729,4117.22,9951.67,18377.14,23382.97,19722.894285714287,19199.099,7205.284731153595,0,3,1,0
2011-03-15,14896.28,41,7918,25866.33,20247.850000000002,9382.710000000001,14153.34,18958.384285714284,19223.863666666668,7420.984509285934,1,3,1,0
2011-03-16,21715.11,50,12843,14896.28,22184.11,15026.68,11910.83,18891.384285714284,19550.673,7389.055801232554,2,3,1,0
2011-03-17,31976.510000000002,56,19025,21715.11,20320.23,23621.59,14155.36,20556.567142857144,20144.711333333333,8919.622105707376,3,3,1,0
2011-03-18,23334.600000000002,52,13214,31976.510000000002,24429.77,18666.14,18579.96,20400.114285714288,20303.199333333334,8849.692789008468,4,3,1,0
2011-03-20,19880.99,57,13473,23334.600000000002,20894.75,32818.19,5645.4800000000005,20255.29142857143,20777.716333333334,8848.543992031355,6,3,1,1
2011-03-21,16020.1,48,9443,19880.99,4117.22,17302.55,22999.39,21955.70285714286,20545.073333333337,5874.238794538153,0,3,1,0
2011-03-22,19016.94,41,13484,16020.1,25866.33,9951.67,37750.62,20977.21857142857,19920.617333333335,5681.569479317682,1,3,1,0
2011-03-23,21566.02,59,13918,19016.94,14896.28,20247.850000000002,23413.97,21930.038571428573,19859.019000000004,5011.5733064558535,2,3,1,0
2011-03-24,36496.79,68,18164,21566.02,21715.11,22184.11,17659.64,24041.707142857143,20486.924000000003,7434.4383988519085,3,3,1,0
2011-03-25,27271.1,52,13325,36496.79,31976.510000000002,20320.23,14438.73,23369.505714285715,20914.669666666665,6781.471624433383,4,3,1,0
2011-03-27,9189.77,31,4495,27271.1,23334.600000000002,24429.77,9437.8,21348.815714285716,20906.402000000002,8644.955314549741,6,3,1,1
2011-03-28,19961.67,58,11574,9189.77,19880.99,20894.75,32724.38,21360.34142857143,20480.978333333333,8642.725701940382,0,3,1,0
2011-03-29,37190.52,50,24183,19961.67,16020.1,4117.22,29116.63,24384.687142857143,20750.108,10051.782192271034,1,3,1,0
2011-03-30,29523.85,66,20055,37190.52,19016.94,25866.33,19315.97,25885.674285714285,21090.370666666666,9899.978957103656,2,3,1,0
2011-03-31,25621.11,59,14930,29523.85,21566.02,14896.28,21463.94,26464.972857142857,21228.943000000003,9722.130882474125,3,3,1,0
2011-04-01,24487.9,68,18279,25621.11,36496.79,21715.11,18377.14,24749.41714285714,21432.635,8658.218787263564,4,4,2,0
2011-04-03,6872.53,19,5646,24487.9,27271.1,31976.510000000002,9382.710000000001,21835.335714285717,21348.962333333333,10828.739776545028,6,4,2,1
2011-04-04,28998.010000000002,54,12861,6872.53,9189.77,23334.600000000002,15026.68,24665.084285714285,21814.673333333332,9477.26105594483,0,4,2,0
2011-04-05,28667.42,46,15175,28998.010000000002,19961.67,19880.99,23621.59,25908.762857142858,21982.86766666667,9327.202985879016,1,4,2,0
2011-04-06,12698.32,37,8011,28667.42,37190.52,16020.1,18666.14,22409.877142857145,21783.940333333332,8977.03218217415,2,4,2,0
2011-04-07,16780.32,61,10063,12698.32,29523.85,19016.94,32818.19,20589.372857142855,21249.344666666668,8577.162444840975,3,4,2,0
2011-04-08,22673.91,65,12272,16780.32,25621.11,21566.02,17302.55,20168.344285714287,21428.39,8358.55205413963,4,4,2,0
2011-04-10,9879.75,32,5603,22673.91,24487.9,36496.79,9951.67,18081.465714285714,21425.99266666667,8906.023525818271,6,4,2,1
2011-04-11,20179.7,59,13127,9879.75,6872.53,27271.1,20247.850000000002,19982.489999999998,21423.721,7409.10053224186,0,4,2,0
2011-04-12,23988.6,60,14577,20179.7,28998.010000000002,9189.77,22184.11,19266.859999999997,21483.870666666666,6589.803443763195,1,4,2,0
2011-04-13,24450.27,60,18752,23988.6,28667.42,19961.67,20320.23,18664.41,21621.538666666667,5722.902024055039,2,4,2,0
2011-04-14,35682.73,82,18507,24450.27,12698.32,37190.52,24429.77,21947.897142857142,21996.637333333332,7906.427938442898,3,4,2,0
2011-04-15,17999.181,41,11088,35682.73,16780.32,29523.85,20894.75,22122.02014285714,21900.118366666666,7786.16176720298,4,4,2,0
2011-04-17,12630.34,42,8136,17999.181,22673.91,25621.11,4117.22,20687.22442857143,22183.889033333333,8554.948165809104,6,4,2,1
2011-04-18,43671.37,62,26219,12630.34,9879.75,24487.9,25866.33,25514.598714285712,22777.390366666667,10704.1072754173,0,4,2,0
2011-04-19,18811.19,53,12902,43671.37,20179.7,6872.53,14896.28,25319.097285714288,22907.88736666667,10829.54657269415,1,4,2,0
2011-04-20,25715.8,62,17851,18811.19,23988.6,28998.010000000002,21715.11,25565.84014285714,23041.2437,10813.844903442692,2,4,2,0
2011-04-21,27771.04,71,17075,25715.8,24450.27,28667.42,31976.510000000002,26040.23585714286,22901.06136666667,10829.577555507116,3,4,2,0
2011-04-26,21536.86,59,14458,27771.04,35682.73,12698.32,23334.600000000002,24019.397285714287,22841.1367,10019.935805497204,1,4,2,0
2011-04-27,23566.91,61,17658,21536.86,17999.181,16780.32,19880.99,24814.78714285714,22964.0007,9677.533317954725,2,4,2,0
2011-04-28,21312.18,55,13106,23566.91,12630.34,22673.91,16020.1,26055.05,23140.40336666667,8316.32578784245,3,4,2,0
2011-05-01,6958.11,18,3814,21312.18,43671.37,9879.75,19016.94,20810.29857142857,22738.44236666667,6791.834703596732,6,5,2,1
2011-05-03,28877.21,59,11134,6958.11,18811.19,20179.7,21566.02,22248.301428571427,22982.1487,7341.409619887785,1,5,2,0
2011-05-04,27509.81,62,17359,28877.21,25715.8,23988.6,36496.79,22504.588571428572,22682.582699999995,7511.967292805588,2,5,2,0
2011-05-05,25191.79,82,16188,27509.81,27771.04,24450.27,27271.1,22136.124285714286,22613.272366666664,7269.950653298493,3,5,2,0
2011-05-06,30783.33,77,18285,25191.79,21536.86,35682.73,9189.77,23457.048571428575,23333.0577,7951.040363890392,4,5,2,0
2011-05-08,18731.98,63,10621,30783.33,23566.91,17999.181,19961.67,22766.344285714287,23292.068033333337,8147.483801849207,6,5,2,1
2011-05-09,21608.16,63,11679,18731.98,21312.18,12630.34,37190.52,22808.62714285714,22772.656033333333,8139.44342894671,0,5,2,0
2011-05-10,29807.25,70,16381,21608.16,6958.11,43671.37,29523.85,26072.79,22782.1027,4484.449986583269,1,5,2,0
2011-05-11,31848.3,73,18422,29807.25,28877.21,18811.19,25621.11,26497.23142857143,22989.6757,4914.136760962971,2,5,2,0
2011-05-12,59827.74,84,37090,31848.3,27509.81,25715.8,24487.9,31114.07857142857,24167.67036666667,13574.381410803993,3,5,2,0
2011-05-13,25815.72,67,13265,59827.74,25191.79,27771.04,6872.53,31203.21142857143,24799.110033333334,13530.992037297723,4,5,2,0
2011-05-15,9667.15,30,4768,25815.72,30783.33,21536.86,28998.010000000002,28186.614285714284,24154.748033333333,15803.233351994626,6,5,2,1
2011-05-16,35706.7,64,15135,9667.15,18731.98,23566.91,28667.42,30611.574285714287,24389.3907,15408.069687277355,0,5,2,0
2011-05-17,46361.090000000004,72,25164,35706.7,21608.16,21312.18,12698.32,34147.70714285714,25511.483033333334,15831.970798981112,1,5,2,0
2011-05-18,32775.69,71,18591,46361.090000000004,29807.25,6958.11,16780.32,34571.770000000004,26044.66203333333,15735.79705619431,2,5,2,0
2011-05-19,31521.87,92,17160,32775.69,31848.3,28877.21,22673.91,34525.137142857144,26339.594033333335,15745.693764581814,3,5,2,0
2011-05-20,25351.44,69,15063,31521.87,59827.74,27509.81,9879.75,29599.95142857143,26855.317033333336,11267.165130362107,4,5,2,0
2011-05-22,24102.0,61,12645,25351.44,25815.72,25191.79,20179.7,29355.134285714284,26986.060366666665,11381.13625567158,6,5,2,1
2011-05-23,31232.53,64,17479,24102.0,9667.15,30783.33,23988.6,32435.902857142857,27227.5247,7378.4767998951265,0,5,2,0
2011-05-24,32460.83,62,14577,31232.53,35706.7,18731.98,24450.27,31972.207142857143,27494.543366666665,7239.347699944425,1,5,2,0
2011-05-25,21870.71,60,12435,32460.83,46361.090000000004,21608.16,35682.73,28473.58142857143,27034.1427,4541.779243022251,2,5,2,0
2011-05-26,32764.38,61,16146,21870.71,32775.69,29807.25,17999.181,28471.965714285714,27526.316,4539.995376293025,3,5,2,0
2011-05-27,21109.22,56,14828,32764.38,31521.87,31848.3,12630.34,26984.44428571429,27808.945333333337,5051.211346442427,4,5,2,0
2011-05-29,7338.94,24,4067,21109.22,25351.44,59827.74,43671.37,24411.230000000003,26597.864333333335,9037.122788070707,6,5,2,1
2011-05-31,18133.2,51,10568,7338.94,24102.0,25815.72,18811.19,23558.544285714284,26575.264666666666,9347.424393173524,1,5,2,0
2011-06-01,15380.39,37,9555,18133.2,31232.53,9667.15,25715.8,21293.95285714286,26230.751,9095.233065787303,2,6,2,0
2011-06-02,28078.91,42,13703,15380.39,32460.83,35706.7,27771.04,20667.964285714286,26241.013333333332,8315.979132487173,3,6,2,0
2011-06-03,15024.11,41,7237,28078.91,21870.71,46361.090000000004,21536.86,19689.878571428573,26023.92166666667,8550.272762564236,4,6,2,0
2011-06-05,25423.760000000002,67,13397,15024.11,32764.38,32775.69,23566.91,18641.21857142857,26085.816666666666,6986.653704832368,6,6,2,1
2011-06-06,16269.03,56,9139,25423.760000000002,21109.22,31521.87,21312.18,17949.762857142858,25917.711666666666,6941.054800733871,0,6,2,0
2011-06-07,33807.85,71,17659,16269.03,7338.94,25351.44,6958.11,21731.035714285714,26812.702999999998,7392.255470697837,1,6,2,0
2011-06-08,30122.23,82,18809,33807.85,18133.2,24102.0,28877.21,23443.754285714287,26854.203666666665,7797.505274590207,2,6,2,0
2011-06-09,42862.8,82,27153,30122.23,15380.39,31232.53,27509.81,27369.812857142857,27365.970000000005,9738.159242116757,3,6,2,0
2011-06-10,58245.12,44,9833,42862.8,28078.91,32460.83,25191.79,31679.27142857143,28467.74766666667,15230.299913356308,4,6,2,0
2011-06-12,12397.09,38,9454,58245.12,15024.11,21870.71,30783.33,31303.982857142855,27854.873,15733.16264325318,6,6,2,1
2011-06-13,19696.66,52,10653,12397.09,25423.760000000002,32764.38,18731.98,30485.825714285715,27887.029,16230.94624393873,0,6,2,0
2011-06-14,33324.49,52,12960,19696.66,16269.03,21109.22,21608.16,32922.32,28277.573333333337,14972.45748898513,1,6,2,0
2011-06-15,44954.18,50,29446,33324.49,33807.85,7338.94,29807.25,34514.65285714286,28782.471,15659.287572874786,2,6,2,0
2011-06-16,32252.1,81,19616,44954.18,30122.23,18133.2,31848.3,34818.92,28795.931,15580.208819502395,3,6,2,0
2011-06-17,19053.53,46,11345,32252.1,42862.8,15380.39,59827.74,31417.59571428571,27436.790666666664,16120.98998861098,4,6,2,0
2011-06-19,22421.48,60,15069,19053.53,58245.12,28078.91,25815.72,26299.932857142856,27323.64933333334,11084.513491699005,6,6,2,1
2011-06-20,26110.99,59,14865,22421.48,12397.09,15024.11,9667.15,28259.06142857143,27871.777333333335,9283.300442758191,0,6,2,0
2011-06-21,19827.91,48,13122,26110.99,19696.66,25423.760000000002,35706.7,28277.81142857143,27342.48433333333,9263.235017288205,1,6,2,0
2011-06-22,21143.75,57,15269,19827.91,33324.49,16269.03,46361.090000000004,26537.705714285716,26501.906333333332,9301.211663883478,2,6,2,0
2011-06-23,22469.62,69,13972,21143.75,44954.18,33807.85,32775.69,23325.625714285714,26158.370666666666,4550.381326068039,3,6,2,0
2011-06-24,16016.04,45,9063,22469.62,32252.1,30122.23,31521.87,21006.18857142857,25641.50966666667,3170.8411291823572,4,6,2,0
2011-06-26,7032.36,26,3760,16016.04,19053.53,42862.8,25351.44,19288.87857142857,25030.873666666666,6206.667581366116,6,6,2,1
2011-06-27,13381.75,35,9151,7032.36,22421.48,58245.12,24102.0,17997.488571428574,24673.532,6384.140429192311,0,6,2,0
2011-06-28,30470.88,49,20821,13381.75,26110.99,12397.09,31232.53,18620.329999999998,24648.143666666663,7433.982359193501,1,6,2,0
2011-06-29,12569.78,39,7468,30470.88,19827.91,19696.66,32460.83,17583.454285714284,23985.108666666667,7737.459632837862,2,6,2,0
2011-06-30,41709.24,65,20495,12569.78,21143.75,33324.49,21870.71,20521.381428571425,24646.393,12028.906911409189,3,6,2,0
2011-07-01,12146.44,42,7433,41709.24,22469.62,44954.18,32764.38,19046.641428571427,23959.128333333334,12377.988614389164,4,7,3,0
2011-07-03,5972.7300000000005,25,3091,12146.44,16016.04,32252.1,21109.22,17611.882857142857,23454.578666666665,13333.044805688258,6,7,3,1
2011-07-04,30941.37,37,12056,5972.7300000000005,7032.36,19053.53,7338.94,21027.455714285716,24241.326333333334,13233.206091448968,0,7,3,0
2011-07-05,25988.510000000002,64,17631,30941.37,13381.75,22421.48,18133.2,22828.42142857143,24503.170000000002,12872.175172186238,1,7,3,0
2011-07-06,22934.22,66,17805,25988.510000000002,30470.88,26110.99,15380.39,21751.755714285715,24754.964333333333,12434.139287194836,2,7,3,0
2011-07-07,27860.38,73,17638,22934.22,12569.78,19827.91,28078.91,23936.127142857145,24747.68,11883.13357775594,3,7,3,0
2011-07-08,17538.5,46,10153,27860.38,41709.24,21143.75,15024.11,20483.164285714283,24831.493000000002,9026.245128673132,4,7,3,0
2011-07-10,5959.54,24,4204,17538.5,12146.44,22469.62,25423.760000000002,19599.321428571428,24182.685666666668,10204.615376886146,6,7,3,1
2011-07-11,20008.83,48,14097,5959.54,5972.7300000000005,16016.04,16269.03,21604.47857142857,24307.345666666668,8277.924126626262,0,7,3,0
2011-07-12,17938.49,45,11537,20008.83,30941.37,7032.36,33807.85,19746.924285714285,23778.367000000002,7225.562749287798,1,7,3,0
2011-07-13,19411.52,56,15251,17938.49,25988.510000000002,13381.75,30122.23,18807.354285714286,23421.343333333334,6686.156140055021,2,7,3,0
2011-07-14,31979.04,69,17049,19411.52,22934.22,30470.88,42862.8,20099.471428571433,23058.551333333333,8296.6199998482,3,7,3,0
2011-07-15,11814.7,37,6359,31979.04,27860.38,12569.78,58245.12,17807.231428571427,21510.870666666666,8006.545309700132,4,7,3,0
2011-07-17,16926.15,50,10809,11814.7,17538.5,41709.24,12397.09,17719.75285714286,21661.839333333333,8013.313163911918,6,7,3,1
2011-07-18,22001.63,46,12701,16926.15,5959.54,12146.44,19696.66,20011.480000000003,21738.67166666667,6171.802809520102,0,7,3,0
2011-07-19,46583.01,62,28400,22001.63,20008.83,5972.7300000000005,33324.49,23807.79142857143,22180.622333333336,11787.770751907015,1,7,3,0
2011-07-20,27021.06,53,15341,46583.01,17938.49,30941.37,44954.18,25105.301428571427,21582.85166666667,11531.12386868027,2,7,3,0
2011-07-21,30271.940000000002,70,19533,27021.06,19411.52,25988.510000000002,32252.1,26656.79,21516.846333333335,11366.809107437915,3,7,3,0
2011-07-22,14628.88,37,8325,30271.940000000002,31979.04,22934.22,19053.53,24178.195714285714,21369.358000000004,11892.33900586825,4,7,3,0
2011-07-24,26777.920000000002,57,17569,14628.88,11814.7,27860.38,22421.48,26315.798571428575,21514.572666666663,10571.057030428941,6,7,3,1
2011-07-25,19676.55,53,14271,26777.920000000002,16926.15,17538.5,26110.99,26708.712857142855,21300.091333333334,10208.794658612935,0,7,3,0
2011-07-26,17284.301,46,12637,19676.55,22001.63,5959.54,19827.91,26034.80871428572,21215.304366666667,10714.482508603878,1,7,3,0
2011-07-27,22846.13,44,13224,17284.301,46583.01,20008.83,21143.75,22643.82585714286,21272.05036666667,5719.098927653467,2,7,3,0
2011-07-28,54171.950000000004,78,29683,22846.13,27021.06,17938.49,22469.62,26522.52442857143,22328.794700000002,13327.921007142142,3,7,3,0
2011-07-29,17166.75,62,11165,54171.950000000004,30271.940000000002,19411.52,16016.04,24650.354428571427,22367.1517,13630.469084031707,4,7,3,0
2011-07-31,33112.36,41,19398,17166.75,14628.88,31979.04,7032.36,27290.85157142857,23236.485033333338,13147.294633895755,6,7,3,1
2011-08-01,19778.12,39,11256,33112.36,26777.920000000002,11814.7,13381.75,26290.880142857146,23449.69736666667,13455.399003153852,0,8,3,0
2011-08-02,20272.0,41,14223,19778.12,19676.55,16926.15,30470.88,26375.94442857143,23109.734700000005,13408.414506140569,1,8,3,0
2011-08-03,26572.83,62,16125,20272.0,17284.301,22001.63,12569.78,27702.87714285714,23576.503033333334,12804.745266951779,2,8,3,0
2011-08-04,62074.19,79,40092,26572.83,22846.13,46583.01,41709.24,33306.885714285716,24255.3347,17896.618760455713,3,8,3,0
2011-08-05,19703.95,52,12162,62074.19,54171.950000000004,27021.06,12146.44,28382.885714285716,24507.251700000004,15820.35765894992,4,8,3,0
2011-08-07,7541.91,29,5174,19703.95,17166.75,30271.940000000002,5972.7300000000005,27007.908571428572,24559.5577,17306.130571279682,6,8,3,1
2011-08-08,19743.98,38,12430,7541.91,33112.36,14628.88,30941.37,25098.140000000003,24186.31136666667,17257.76516611774,0,8,3,0
2011-08-09,25949.920000000002,40,15821,19743.98,19778.12,26777.920000000002,25988.510000000002,25979.825714285715,24185.02503333333,17097.583063354174,1,8,3,0
2011-08-10,19853.41,43,12326,25949.920000000002,20272.0,19676.55,22934.22,25920.027142857143,24082.331366666665,17121.588437239814,2,8,3,0
2011-08-11,54325.27,64,36444,19853.41,26572.83,17284.301,27860.38,29884.661428571428,24964.494366666666,20229.088539164284,3,8,3,0
2011-08-12,17970.170000000002,46,11049,54325.27,62074.19,22846.13,17538.5,23584.087142857144,24978.88336666667,14624.20847313422,4,8,3,0
2011-08-14,5701.87,25,3172,17970.170000000002,19703.95,54171.950000000004,5959.54,21583.79,24970.294366666665,16124.0748875349,6,8,3,1
2011-08-15,17235.95,48,10173,5701.87,7541.91,17166.75,20008.83,22968.652857142857,24877.86503333333,15100.878278390213,0,8,3,0
2011-08-16,16072.710000000001,50,10461,17235.95,19743.98,33112.36,17938.49,22444.18571428571,24815.672366666666,15294.057675223477,1,8,3,0
2011-08-17,48554.44,51,24794,16072.710000000001,25949.920000000002,19778.12,19411.52,25673.402857142857,25787.103033333333,18257.005520853927,2,8,3,0
2011-08-18,54034.98,67,34016,48554.44,19853.41,20272.0,31979.04,30556.484285714287,26522.301033333333,20830.685918605643,3,8,3,0
2011-08-19,17326.07,55,10663,54034.98,54325.27,26572.83,11814.7,25270.884285714284,26706.01336666667,18339.53185224736,4,8,3,0
2011-08-21,14410.25,38,8075,17326.07,17970.170000000002,62074.19,16926.15,24762.324285714287,26622.150033333335,18622.89400374699,6,8,3,1
2011-08-22,29617.26,63,15527,14410.25,5701.87,19703.95,22001.63,28178.808571428573,26876.004366666664,16630.474114002718,0,8,3,0
2011-08-23,22384.02,60,13698,29617.26,17235.95,7541.91,46583.01,28914.247142857144,26069.371366666666,16173.452255501628,1,8,3,0
2011-08-24,38371.37,72,27328,22384.02,16072.710000000001,19743.98,27021.06,32099.77,26447.715033333334,15400.122037373605,2,8,3,0
2011-08-25,22441.260000000002,72,13151,38371.37,48554.44,25949.920000000002,30271.940000000002,28369.315714285716,26186.692366666666,13832.926774924706,3,8,3,0
2011-08-26,24095.49,44,16763,22441.260000000002,54034.98,19853.41,14628.88,24092.245714285713,26502.246033333333,7953.879006260341,4,8,3,0
2011-08-28,10686.56,37,6701,24095.49,17326.07,54325.27,26777.920000000002,23143.744285714285,25965.86736666667,9194.37181496534,6,8,3,1
2011-08-30,8805.17,23,4207,10686.56,14410.25,17970.170000000002,19676.55,22343.018571428573,25603.488033333335,10263.621005381812,1,8,3,0
2011-08-31,20527.89,42,11542,8805.17,29617.26,5701.87,17284.301,21044.537142857145,25711.607666666667,9752.172596229912,2,8,3,0
2011-09-01,37358.62,76,27850,20527.89,22384.02,17235.95,22846.13,23183.765714285717,26195.357333333333,11568.27713374939,3,9,3,0
2011-09-02,30203.86,64,15375,37358.62,38371.37,16072.710000000001,54171.950000000004,22016.97857142857,25396.421000000006,10099.825652316056,4,9,3,0
2011-09-04,16930.43,49,10863,30203.86,22441.260000000002,48554.44,17166.75,21229.717142857142,25388.54366666667,10274.51026394564,6,9,3,1
2011-09-05,35439.91,67,22266,16930.43,24095.49,54034.98,33112.36,22850.34857142857,25466.128666666667,11609.803116053035,0,9,3,0
2011-09-06,25466.97,61,14451,35439.91,10686.56,17326.07,19778.12,24961.835714285717,25655.756999999998,10298.911592736178,1,9,3,0
2011-09-07,21967.420000000002,46,13731,25466.97,8805.17,14410.25,20272.0,26842.157142857144,25712.271,7741.499614776894,2,9,3,0
2011-09-08,23048.38,72,15979,21967.420000000002,20527.89,29617.26,26572.83,27202.227142857148,25594.789333333334,7452.070409596973,3,9,3,0
2011-09-09,25082.86,58,15989,23048.38,37358.62,22384.02,62074.19,25448.547142857144,24361.745,5958.352215704509,4,9,3,0
2011-09-11,35206.92,75,20906,25082.86,30203.86,38371.37,19703.95,26163.27,24878.51066666667,6856.247830390444,6,9,3,1
2011-09-12,27777.36,67,16323,35206.92,16930.43,22441.260000000002,7541.91,27712.83142857143,25553.02566666667,5516.653176013025,0,9,3,0
2011-09-13,48116.5,63,35000,27777.36,35439.91,24095.49,19743.98,29523.772857142856,26498.776333333335,9275.830236930675,1,9,3,0
2011-09-14,22013.75,65,13433,48116.5,25466.97,10686.56,25949.920000000002,29030.455714285716,26367.57066666667,9613.232380207095,2,9,3,0
2011-09-15,71926.69,79,27638,22013.75,21967.420000000002,8805.17,19853.41,36167.49428571428,28103.346666666668,18203.13446533486,3,9,3,0
2011-09-16,23245.03,46,14125,71926.69,23048.38,20527.89,54325.27,36195.58714285714,27067.338666666667,18179.64991087536,4,9,3,0
2011-09-18,15639.55,27,8937,23245.03,25082.86,37358.62,17970.170000000002,34846.54285714286,26989.651333333335,19447.86423734469,6,9,3,1
2011-09-19,46588.21,69,29241,15639.55,35206.92,30203.86,5701.87,36472.44142857142,28352.529333333332,19952.228751118197,0,9,3,0
2011-09-20,103377.68,67,42599,46588.21,27777.36,16930.43,17235.95,47272.48714285714,31223.92033333333,31550.93286538804,1,9,3,0
2011-09-21,38472.1,67,19615,103377.68,48116.5,35439.91,16072.710000000001,45894.71571428572,31970.56666666667,31718.067578413327,2,9,3,0
2011-09-22,57734.98,111,32749,38472.1,22013.75,25466.97,48554.44,50997.74857142857,32276.58466666667,30066.092723570076,3,9,3,0
2011-09-23,31753.75,58,19786,57734.98,71926.69,21967.420000000002,54034.98,45258.75714285714,31533.877,29227.778805301932,4,9,3,0
2011-09-25,31164.781,75,19424,31753.75,23245.03,23048.38,17326.07,46390.15014285715,31995.167366666665,28374.442588657308,6,9,3,1
2011-09-26,29265.511,65,15238,31164.781,15639.55,25082.86,14410.25,48336.716,32490.342733333335,26305.20854468397,0,9,3,0
2011-09-27,29212.32,75,19505,29265.511,46588.21,35206.92,29617.26,45854.446,32476.844733333335,27298.77157840125,1,9,3,0
2011-09-28,39001.91,80,24026,29212.32,103377.68,27777.36,22384.02,36657.90742857143,33030.7744,10143.45541125324,2,9,3,0
2011-09-29,44671.27,103,26957,39001.91,38472.1,48116.5,38371.37,37543.503142857146,33240.77106666667,10589.073399116915,3,9,3,0
2011-09-30,40023.44,70,21646,44671.27,57734.98,22013.75,22441.260000000002,35013.283142857144,33826.843733333335,6142.897105809726,4,9,3,0
2011-10-02,11479.98,34,8322,40023.44,31753.75,71926.69,24095.49,32117.030285714285,33406.326733333335,10884.889720250285,6,10,4,1
2011-10-03,62143.07,65,24553,11479.98,31164.781,23245.03,10686.56,36542.50014285714,35121.54373333333,15676.137616126518,0,10,4,0
2011-10-04,38532.090000000004,74,23016,62143.07,29265.511,15639.55,8805.17,37866.29714285715,36112.44106666666,15347.011493514206,1,10,4,0
2011-10-05,73975.57,94,45854,38532.090000000004,29212.32,46588.21,20527.89,44261.04714285715,37894.0304,19815.494962433408,2,10,4,0
2011-10-06,60258.53,116,34513,73975.57,39001.91,103377.68,37358.62,47297.70714285715,38657.36073333333,20492.416687746318,3,10,4,0
2011-10-07,49089.47,85,29636,60258.53,44671.27,38472.1,30203.86,47928.87857142858,39286.88106666667,20466.063172524107,4,10,4,0
2011-10-09,12215.51,38,7263,49089.47,40023.44,57734.98,16930.43,43956.317142857144,39129.717066666664,24548.042950766776,6,10,4,1
2011-10-10,42962.8,90,24990,12215.51,11479.98,31753.75,35439.91,48453.86285714286,39380.48006666666,20084.47848550443,0,10,4,0
2011-10-11,46401.14,78,26633,42962.8,62143.07,31164.781,25466.97,46205.01571428572,40078.28573333333,19156.094508157497,1,10,4,0
2011-10-12,27655.2,82,16151,46401.14,38532.090000000004,29265.511,21967.420000000002,44651.17428571429,40267.87840000001,20289.80307343967,2,10,4,0
2011-10-13,32850.25,74,17813,27655.2,73975.57,29212.32,23048.38,38776.12857142858,40594.6074,15852.36652957683,3,10,4,0
2011-10-14,32071.62,70,17189,32850.25,60258.53,39001.91,25082.86,34749.427142857145,40827.566066666666,12765.459521761217,4,10,4,0
2011-10-16,21767.94,35,8649,32071.62,49089.47,44671.27,35206.92,30846.35142857143,40379.60006666666,11789.72660048915,6,10,4,1
2011-10-17,46868.65,85,30056,21767.94,12215.51,40023.44,27777.36,35796.8,41015.97640000001,9764.247126230484,0,10,4,0
2011-10-18,37248.16,77,26865,46868.65,42962.8,11479.98,48116.5,34980.42285714286,40653.6984,9292.76349304971,1,10,4,0
2011-10-19,37227.88,77,18185,37248.16,46401.14,62143.07,22013.75,33669.95714285714,41160.83606666667,7965.862172003575,2,10,4,0
2011-10-20,60910.3,86,40833,37227.88,27655.2,38532.090000000004,71926.69,38420.68571428572,40793.62306666666,12440.543816031332,3,10,4,0
2011-10-21,60364.01,62,24211,60910.3,32850.25,73975.57,23245.03,42351.22285714286,42030.9224,14554.144047160258,4,10,4,0
2011-10-23,12156.57,42,6953,60364.01,32071.62,60258.53,15639.55,39506.21571428572,41914.82306666667,18349.96376215937,6,10,4,1
2011-10-24,38897.89,73,23661,12156.57,21767.94,49089.47,46588.21,41953.351428571434,41658.479066666674,16653.98522308842,0,10,4,0
2011-10-25,36113.86,72,25608,38897.89,46868.65,12215.51,103377.68,40416.95285714285,39416.35173333333,16621.006783440964,1,10,4,0
2011-10-26,34105.36,92,20101,36113.86,37248.16,42962.8,38472.1,39967.98142857143,39270.79373333334,16762.712229769015,2,10,4,0
2011-10-27,55747.200000000004,104,32418,34105.36,37227.88,46401.14,57734.98,42613.59857142857,39204.534400000004,17693.74503512604,3,10,4,0
2011-10-28,37194.58,65,22966,55747.200000000004,60910.3,27655.2,31753.75,39225.63857142858,39385.89540000001,15772.656976490922,4,10,4,0
2011-10-30,34397.95,96,19943,37194.58,60364.01,32850.25,31164.781,35516.20142857143,39493.6677,12733.267526844058,6,10,4,1
2011-10-31,33006.87,63,15161,34397.95,12156.57,32071.62,29265.511,38494.815714285716,39618.37966666666,7866.977117031382,0,10,4,0
2011-11-01,29069.56,76,16530,33006.87,38897.89,21767.94,29212.32,37090.76857142857,39613.621,8623.702912164892,1,11,4,0
2011-11-02,38536.44,83,26592,29069.56,36113.86,46868.65,39001.91,37436.851428571434,39598.10533333333,8626.5743840191,2,11,4,0
2011-11-03,60536.090000000004,100,33435,38536.44,34105.36,37248.16,44671.27,41212.67,40126.93266666667,12035.95349961107,3,11,4,0
2011-11-04,55716.47,87,33416,60536.090000000004,55747.200000000004,37227.88,40023.44,41208.280000000006,40650.03366666667,12029.772629350342,4,11,4,0
2011-11-06,42508.590000000004,101,23085,55716.47,37194.58,60910.3,11479.98,41967.42428571429,41684.320666666674,11901.256902554249,6,11,4,1
2011-11-07,28602.73,90,16358,42508.590000000004,34397.95,60364.01,62143.07,41139.53571428572,40566.30933333333,12690.940411340494,0,11,4,0
2011-11-08,38151.91,99,21582,28602.73,33006.87,12156.57,38532.090000000004,41874.541428571436,40553.63666666667,12283.890759400332,1,11,4,0
2011-11-09,61241.58,118,36888,38151.91,29069.56,38897.89,73975.57,46470.544285714284,40129.170333333335,12705.745228926746,2,11,4,0
2011-11-10,70373.03,125,37955,61241.58,38536.44,36113.86,60258.53,51018.62857142858,40466.32033333334,14900.777880979236,3,11,4,0
2011-11-11,36932.07,93,23844,70373.03,60536.090000000004,34105.36,49089.47,47646.625714285714,40061.07366666667,15057.97311621304,4,11,4,0
2011-11-13,28416.010000000002,83,19610,36932.07,55716.47,55747.200000000004,12215.51,43746.560000000005,40601.09033333333,16117.671110389978,6,11,4,1
2011-11-14,58595.22,104,32050,28416.010000000002,42508.590000000004,37194.58,42962.8,46044.65,41122.171,17032.603748273472,0,11,4,0
2011-11-15,47535.51,104,26773,58595.22,28602.73,34397.95,46401.14,48749.33285714286,41159.983333333344,15206.645846599105,1,11,4,0
2011-11-16,48154.12,124,29010,47535.51,38151.91,33006.87,27655.2,50178.22000000001,41843.280666666666,14498.329474381957,2,11,4,0
2011-11-17,55683.49,136,30235,48154.12,61241.58,29069.56,32850.25,49384.20714285714,42604.388666666666,13932.612901920314,3,11,4,0
2011-11-18,36606.25,103,20224,55683.49,70373.03,38536.44,32071.62,44560.381428571425,42755.543,10989.13596703644,4,11,4,0
2011-11-20,29642.39,98,18457,36606.25,36932.07,60536.090000000004,21767.94,43518.99857142857,43018.02466666667,12119.754130053436,6,11,4,1
2011-11-21,45202.01,96,24494,29642.39,28416.010000000002,55716.47,46868.65,45916.99857142857,42962.47,10130.893977644839,0,11,4,0
2011-11-22,49438.55,130,31596,45202.01,58595.22,42508.590000000004,37248.16,44608.90285714286,43368.816333333336,8712.981711271794,1,11,4,0
2011-11-23,71722.75,130,38287,49438.55,47535.51,28602.73,37227.88,48064.22285714286,44518.64533333333,13530.935698160582,2,11,4,0
2011-11-24,38359.69,109,22812,71722.75,48154.12,38151.91,60910.3,46665.01857142857,43766.95833333334,14017.743477782495,3,11,4,0
2011-11-25,26542.33,73,14142,38359.69,55683.49,61241.58,60364.01,42501.99571428572,42639.569,15172.65768042726,4,11,4,0
2011-11-27,16969.25,56,10307,26542.33,36606.25,70373.03,12156.57,39696.71000000001,42799.99166666667,17996.903146263805,6,11,4,1
2011-11-28,51632.21,114,27932,16969.25,29642.39,36932.07,38897.89,42838.112857142856,43224.469,17868.123681328627,0,11,4,0
2011-11-29,48640.57,126,25886,51632.21,45202.01,28416.010000000002,36113.86,43329.33571428571,43642.026,17990.7868239671,1,11,4,0
2011-11-30,41396.79,99,24423,48640.57,49438.55,58595.22,34105.36,42180.51285714286,43885.07366666666,17791.30939214397,2,11,4,0
2011-12-01,44405.37,118,24810,41396.79,71722.75,47535.51,55747.200000000004,38278.030000000006,43507.01266666667,12414.942247625111,3,12,4,0
2011-12-02,44526.1,114,25524,44405.37,38359.69,48154.12,37194.58,39158.94571428571,43751.39666666666,12638.462254633487,4,12,4,0
2011-12-04,20232.0,62,11321,44526.1,26542.33,55683.49,34397.95,38257.469999999994,43279.198333333334,13854.879054663987,6,12,4,1
2011-12-05,58081.090000000004,116,38347,20232.0,16969.25,36606.25,33006.87,44130.590000000004,44115.00566666667,11902.93290966137,0,12,4,0
2011-12-06,45989.66,110,27736,58081.090000000004,51632.21,29642.39,29069.56,43324.51142857143,44679.009,11494.291127255914,1,12,4,0
2011-12-07,69230.6,104,41011,45989.66,48640.57,45202.01,38536.44,46265.944285714286,45702.14766666667,15138.324030271471,2,12,4,0
2011-12-08,50395.96,113,27476,69230.6,41396.79,49438.55,60536.090000000004,47551.54,45364.14333333333,15037.687092939725,3,12,4,0
2011-12-09,184329.66,41,90552,50395.96,44405.37,71722.75,55716.47,67540.7242857143,49651.24966666666,53631.73113129756,4,12,4,0
